group	EUB11	EUB12	EUBA1	EUBA10	EUBA11	EUBA12	EUBA2	EUBA3	EUBA4	EUBA5	EUBA6	EUBA7	EUBA8	EUBA9	EUBB1	EUBB10	EUBB11	EUBB2	EUBB3	EUBB4	EUBB5	EUBB7	EUBB8	EUBB9	EUBC1	EUBC10	EUBC11	EUBC12	EUBC2	EUBC3	EUBC4	EUBC5	EUBC6	EUBC8	EUBC9	EUBD1	EUBD10	EUBD11	EUBD12	EUBD2	EUBD3	EUBD4	EUBD5	EUBD6	EUBD7	EUBD8	EUBD9	EUBE1	EUBE2	EUBE3	EUBE4	EUBE5	EUBE6	EUBE7	EUBE8	EUBF1	EUBF11	EUBF12	EUBF2	EUBF3	EUBF4	EUBF5	EUBF6	EUBF7	EUBF8	EUBG1	EUBG11	EUBG12	EUBG2	EUBG3	EUBG4	EUBG5	EUBG6	EUBG7	EUBG8	EUBH1	EUBH2	EUBH3	EUBH4	EUBH5	EUBH6	EUBH7	EUBH8	EUBH9
methanotrophy	4.303067637	0	0	0	0	0	0	0	0	0	0	0	0	0	0	0	0	0	0	0	0	0	0	0	4.172682083	0	0	0	0	0	0	0	0	0	0	0	0	0	0	0	0	0	4.161536482	4.706634122	0	0	0	0	0	0	0	0	0	0	0	0	4.875951965	0	0	0	0	0	0	0	0	0	5.279881095	0	0	0	0	0	3.442574001	0	0	0	0	0	0	0	0	0	0	0
acetoclastic_methanogenesis	0	0	0	0	0	0	0	0	0	0	0	0	0	0	0	0	0	0	0	0	0	0	0	0	0	0	0	0	0	0	0	0	0	0	0	0	0	0	0	0	0	0	0	0	0	0	0	0	0	0	0	0	0	0	0	0	0	0	0	0	0	0	0	0	0	0	0	0	0	0	0	0	0	0	0	0	0	0	0	0	0	0	0	0
methanogenesis_by_disproportionation_of_methyl_groups	0	0	0	0	0	0	0	0	0	0	0	0	0	0	0	0	0	0	0	0	0	0	0	0	0	0	0	0	0	0	0	0	0	0	0	0	0	0	0	0	0	0	0	0	0	0	0	0	0	0	0	0	0	0	0	0	0	0	0	0	0	0	0	0	0	0	0	0	0	0	0	0	0	0	0	0	0	0	0	0	0	0	0	0
methanogenesis_using_formate	0	0	0	0	0	0	0	0	0	0	0	0	0	0	0	0	0	0	0	0	0	0	0	0	0	0	0	0	0	0	0	0	0	0	0	0	0	0	0	0	0	0	0	0	0	0	0	0	0	0	0	0	0	0	0	0	0	0	0	0	0	0	0	0	0	0	0	0	0	0	0	0	0	0	0	0	0	0	0	0	0	0	0	0
methanogenesis_by_CO2_reduction_with_H2	0	0	0	0	0	0	0	0	0	0	0	0	0	0	0	0	0	0	0	0	0	0	0	0	0	0	0	0	0	0	0	0	0	0	0	0	0	0	0	0	0	0	0	0	0	0	0	0	0	0	0	0	0	0	0	0	0	0	0	0	0	0	0	0	0	0	0	0	0	0	0	0	0	0	0	0	0	0	0	0	0	0	0	0
methanogenesis_by_reduction_of_methyl_compounds_with_H2	0	0	0	0	0	0	0	0	0	0	0	0	0	0	0	0	0	0	0	0	0	0	0	0	0	0	0	0	0	0	0	0	0	0	0	0	0	0	0	0	0	0	0	0	0	0	0	0	0	0	0	0	0	0	0	0	0	0	0	0	0	0	0	0	0	0	0	0	0	0	0	0	0	0	0	0	0	0	0	0	0	0	0	0
hydrogenotrophic_methanogenesis	0	0	0	0	0	0	0	0	0	0	0	0	0	0	0	0	0	0	0	0	0	0	0	0	0	0	0	0	0	0	0	0	0	0	0	0	0	0	0	0	0	0	0	0	0	0	0	0	0	0	0	0	0	0	0	0	0	0	0	0	0	0	0	0	0	0	0	0	0	0	0	0	0	0	0	0	0	0	0	0	0	0	0	0
methanogenesis	0	0	0	0	0	0	0	0	0	0	0	0	0	0	0	0	0	0	0	0	0	0	0	0	0	0	0	0	0	0	0	0	0	0	0	0	0	0	0	0	0	0	0	0	0	0	0	0	0	0	0	0	0	0	0	0	0	0	0	0	0	0	0	0	0	0	0	0	0	0	0	0	0	0	0	0	0	0	0	0	0	0	0	0
methanol_oxidation	0	5.350696981	0	3.067433267	25.78874666	32.35380491	0	0	0	0	0	0	21.3310648	6.333311267	0	4.511626336	28.67484578	0	8.843044739	8.671091164	8.442461533	16.03989174	20.39947011	17.04846313	14.37013596	0	15.96638564	12.64509141	9.442236967	15.29882689	17.32996395	22.0092988	23.60349007	8.625000865	25.24288951	9.588938705	9.991063028	10.15645592	9.93924485	15.05959368	16.91647097	22.82459276	26.07024775	18.85782357	21.53404432	21.8942391	18.86820568	6.679499209	6.164301636	5.998207987	0	0	0	3.741900095	0	6.385587401	8.033805553	5.399995832	7.731594811	6.185615412	0	0	0	3.589578451	3.600941721	7.415855397	7.843239362	5.422787155	4.92712675	6.392136059	6.300705768	0	0	0	0	5.495279113	4.755093949	6.132242361	8.573000803	0	5.195375421	0	3.755849683	0
methylotrophy	4.303067637	5.350696981	0	3.067433267	25.78874666	32.35380491	0	0	0	0	0	0	21.3310648	6.333311267	0	4.511626336	28.67484578	0	8.843044739	8.671091164	8.442461533	16.03989174	20.39947011	17.04846313	18.54281804	0	15.96638564	12.64509141	9.442236967	15.29882689	17.32996395	22.0092988	23.60349007	8.625000865	25.24288951	9.588938705	9.991063028	10.15645592	9.93924485	15.05959368	16.91647097	22.82459276	30.23178423	23.56445769	21.53404432	21.8942391	18.86820568	6.679499209	6.164301636	5.998207987	0	0	0	3.741900095	0	6.385587401	12.90975752	5.399995832	7.731594811	6.185615412	0	0	0	3.589578451	3.600941721	7.415855397	13.12312046	5.422787155	4.92712675	6.392136059	6.300705768	0	3.442574001	0	0	5.495279113	4.755093949	6.132242361	8.573000803	0	5.195375421	0	3.755849683	0
aerobic_ammonia_oxidation	0	0	0	0	0	0	0	0	0	0	0	0	0	0	0	0	0	0	0	0	0	0	0	0	0	0	0	0	0	0	0	0	0	0	0	0	0	0	0	0	0	0	0	0	0	0	0	0	0	0	0	0	0	0	0	0	0	0	0	0	0	0	0	0	0	0	0	0	0	0	0	0	0	0	0	0	0	0	0	0	0	0	0	0
aerobic_nitrite_oxidation	0	0	4.462135801	10.55347504	0	0	3.203805125	0	3.377689272	0	0	0	0	8.570134598	0	9.619502837	0	0	5.233875881	3.680036584	0	0	0	5.972690106	0	4.912893433	0	0	0	0	0	0	0	0	3.50828316	5.328122432	8.814480328	0	0	5.926891738	7.789888635	7.022343013	9.812489046	7.999421863	0	0	6.527627948	4.93269467	0	4.548052874	0	0	0	0	0	0	0	2.15582034	5.960748041	6.497509526	0	0	0	0	0	4.436786441	0	0	0	0	7.161622872	0	0	0	0	0	0	4.717648512	8.640558747	0	0	0	0	0
nitrification	0	0	4.462135801	10.55347504	0	0	3.203805125	0	3.377689272	0	0	0	0	8.570134598	0	9.619502837	0	0	5.233875881	3.680036584	0	0	0	5.972690106	0	4.912893433	0	0	0	0	0	0	0	0	3.50828316	5.328122432	8.814480328	0	0	5.926891738	7.789888635	7.022343013	9.812489046	7.999421863	0	0	6.527627948	4.93269467	0	4.548052874	0	0	0	0	0	0	0	2.15582034	5.960748041	6.497509526	0	0	0	0	0	4.436786441	0	0	0	0	7.161622872	0	0	0	0	0	0	4.717648512	8.640558747	0	0	0	0	0
sulfate_respiration	0	0	0	0	0	0	0	0	0	0	0	0	0	0	0	0	0	0	0	0	0	0	0	0	0	0	0	0	0	0	0	0	0	0	0	0	0	0	0	0	0	0	0	0	0	0	0	0	0	0	0	0	0	0	0	0	0	0	0	0	0	0	0	0	0	0	0	0	0	0	0	0	0	0	0	0	0	0	0	0	0	0	0	0
sulfur_respiration	0	3.964412852	0	0	0	0	0	0	0	0	0	0	0	0	0	0	0	0	0	0	0	0	0	0	0	0	0	0	0	0	0	3.8627487	4.478351967	0	0	0	0	0	0	0	0	0	0	0	0	0	0	0	0	0	0	0	0	0	0	0	4.23887528	0	0	0	0	0	0	0	0	0	0	0	0	0	0	0	0	0	0	0	0	0	0	0	0	0	0	3.94497755
dark_sulfite_oxidation	0	0	0	0	0	0	0	0	0	0	0	0	0	0	0	0	0	0	0	0	0	0	0	0	0	0	0	0	0	0	0	0	0	0	0	0	0	0	0	0	0	0	0	0	0	0	0	0	0	0	0	0	0	0	0	0	0	0	0	0	0	0	0	0	0	0	0	0	0	0	0	0	0	0	0	0	0	0	0	0	0	0	0	0
sulfite_respiration	0	0	0	0	0	0	0	0	0	0	0	0	0	0	0	0	0	0	0	0	0	0	0	0	0	0	0	0	0	0	0	0	0	0	0	0	0	0	0	0	0	0	0	0	0	0	0	0	0	0	0	0	0	0	0	0	0	0	0	0	0	0	0	0	0	0	0	0	0	0	0	0	0	0	0	0	0	0	0	0	0	0	0	0
thiosulfate_respiration	0	0	0	0	0	0	0	0	0	8.001535115	0	1.531929413	0	0	0	0	0	0	0	0	0	0	0	0	0	0	0	0	0	0	0	0	6.042412314	0	0	0	0	0	0	0	0	0	0	0	0	0	0	0	0	0	0.8497143819	0	0	0	0	0	0	0	0	0	0	0	0	0	0	0	0	0	0	0	0	0	0	0	0	0	0	0	0	0	0	0	0	0
respiration_of_sulfur_compounds	0	3.964412852	0	0	0	0	0	0	0	8.001535115	0	1.531929413	0	0	0	0	0	0	0	0	0	0	0	0	0	0	0	0	0	0	0	3.8627487	10.52076428	0	0	0	0	0	0	0	0	0	0	0	0	0	0	0	0	0	0.8497143819	0	0	0	0	0	4.23887528	0	0	0	0	0	0	0	0	0	0	0	0	0	0	0	0	0	0	0	0	0	0	0	0	0	0	3.94497755
arsenate_detoxification	0	0	0	0	0	0	0	0	0	0	0	0	0	0	0	0	0	0	0	0	0	0	0	0	0	0	0	0	0	0	0	0	0	0	0	0	0	0	0	0	0	0	0	0	0	0	0	0	0	0	0	0	0	0	0	0	0	0	0	0	0	0	0	0	0	0	0	0	0	0	0	0	0	0	0	0	0	0	0	0	0	0	0	0
arsenate_respiration	0	0	0	0	0	0	0	0	0	0	0	0	0	0	0	0	0	0	0	0	0	0	0	0	0	0	0	0	0	0	0	0	0	0	0	0	0	0	0	0	0	0	0	0	0	0	0	0	0	0	0	0	0	0	0	0	0	0	0	0	0	0	0	0	0	0	0	0	0	0	0	0	0	0	0	0	0	0	0	0	0	0	0	0
dissimilatory_arsenate_reduction	0	0	0	0	0	0	0	0	0	0	0	0	0	0	0	0	0	0	0	0	0	0	0	0	0	0	0	0	0	0	0	0	0	0	0	0	0	0	0	0	0	0	0	0	0	0	0	0	0	0	0	0	0	0	0	0	0	0	0	0	0	0	0	0	0	0	0	0	0	0	0	0	0	0	0	0	0	0	0	0	0	0	0	0
arsenite_oxidation_detoxification	0	0	0	0	0	0	0	0	0	0	0	0	0	0	0	0	0	0	0	0	0	0	0	0	0	0	0	0	0	0	0	0	0	0	0	0	0	0	0	0	0	0	0	0	0	0	0	0	0	0	0	0	0	0	0	0	0	0	0	0	0	0	0	0	0	0	0	0	0	0	0	0	0	0	0	0	0	0	0	0	0	0	0	0
arsenite_oxidation_energy_yielding	0	0	0	0	0	0	0	0	0	0	0	0	0	0	0	0	0	0	0	0	0	0	0	0	0	0	0	0	0	0	0	0	0	0	0	0	0	0	0	0	0	0	0	0	0	0	0	0	0	0	0	0	0	0	0	0	0	0	0	0	0	0	0	0	0	0	0	0	0	0	0	0	0	0	0	0	0	0	0	0	0	0	0	0
dissimilatory_arsenite_oxidation	0	0	0	0	0	0	0	0	0	0	0	0	0	0	0	0	0	0	0	0	0	0	0	0	0	0	0	0	0	0	0	0	0	0	0	0	0	0	0	0	0	0	0	0	0	0	0	0	0	0	0	0	0	0	0	0	0	0	0	0	0	0	0	0	0	0	0	0	0	0	0	0	0	0	0	0	0	0	0	0	0	0	0	0
anammox	0	0	0	0	0	0	0	0	0	0	0	0	0	0	0	0	0	0	0	0	0	0	0	0	0	0	0	0	0	0	0	0	0	0	0	0	0	0	0	0	0	0	0	0	0	0	0	0	0	0	0	0	0	0	0	0	0	0	0	0	0	0	0	0	0	0	0	0	0	0	0	0	0	0	0	0	0	0	0	0	0	0	0	0
nitrate_denitrification	0.9896148447	7.605133796	0	26.26458321	40.8029566	25.35666305	0	0	0	0	0	0	21.3310648	36.46960324	0	27.02370373	36.08287063	23.67054501	46.44086381	58.3627278	31.45162931	16.03989174	20.39947011	26.677633	16.59459508	23.58917891	15.96638564	12.12197385	19.5881531	32.19913842	63.23241041	64.65059557	33.75363054	8.625000865	25.24288951	14.77624628	21.20912438	11.31645246	11.94966715	45.78579189	27.45180382	51.67290774	41.94220603	40.12719566	21.53404432	21.8942391	23.33118674	0	0	0	0	0	0	3.741900095	0	0	18.07780347	10.5265403	0	0	3.854232449	0	0	3.589578451	3.600941721	0	17.70359944	1.14540531	0	0	8.129733922	11.97482637	0	2.836147014	1.666619411	0	0	0	8.210663048	19.1586548	1.914422421	0	0	4.703473414
nitrite_denitrification	0.9896148447	7.605133796	0	26.26458321	40.8029566	25.35666305	0	0	0	0	0	0	21.3310648	36.46960324	0	27.02370373	36.08287063	23.67054501	46.44086381	58.3627278	31.45162931	16.03989174	20.39947011	26.677633	16.59459508	23.58917891	15.96638564	12.12197385	19.5881531	32.19913842	63.23241041	64.65059557	33.75363054	8.625000865	25.24288951	14.77624628	21.20912438	11.31645246	11.94966715	45.78579189	27.45180382	51.67290774	41.94220603	40.12719566	21.53404432	21.8942391	23.33118674	0	0	0	0	0	0	3.741900095	0	0	18.07780347	10.5265403	0	0	3.854232449	0	0	3.589578451	3.600941721	0	17.70359944	1.14540531	0	0	8.129733922	11.97482637	0	2.836147014	1.666619411	0	0	0	8.210663048	19.1586548	1.914422421	0	0	4.703473414
nitrous_oxide_denitrification	0.9896148447	7.605133796	0	26.26458321	40.8029566	25.35666305	0	0	0	0	0	0	21.3310648	36.46960324	0	27.02370373	36.08287063	23.67054501	46.44086381	58.3627278	31.45162931	16.03989174	20.39947011	26.677633	16.59459508	23.58917891	15.96638564	12.12197385	19.5881531	32.19913842	63.23241041	64.65059557	33.75363054	8.625000865	25.24288951	14.77624628	21.20912438	11.31645246	11.94966715	45.78579189	27.45180382	51.67290774	41.94220603	40.12719566	21.53404432	21.8942391	23.33118674	0	0	0	0	0	0	3.741900095	0	0	18.07780347	10.5265403	0	0	3.854232449	0	0	3.589578451	3.600941721	0	17.70359944	1.14540531	0	0	8.129733922	11.97482637	0	2.836147014	1.666619411	0	0	0	8.210663048	19.1586548	1.914422421	0	0	4.703473414
denitrification	0.9896148447	7.605133796	0	26.26458321	40.8029566	25.35666305	0	0	0	0	0	0	21.3310648	36.46960324	0	27.02370373	36.08287063	23.67054501	46.44086381	58.3627278	31.45162931	16.03989174	20.39947011	26.677633	16.59459508	23.58917891	15.96638564	12.12197385	19.5881531	32.19913842	63.23241041	64.65059557	33.75363054	8.625000865	25.24288951	14.77624628	21.20912438	11.31645246	11.94966715	45.78579189	27.45180382	51.67290774	41.94220603	40.12719566	21.53404432	21.8942391	23.33118674	0	0	0	0	0	0	3.741900095	0	0	18.07780347	10.5265403	0	0	3.854232449	0	0	3.589578451	3.600941721	0	17.70359944	1.14540531	0	0	8.129733922	11.97482637	0	2.836147014	1.666619411	0	0	0	8.210663048	19.1586548	1.914422421	0	0	4.703473414
chitinolysis	0	0	6.375783335	0	0	4.556438623	5.076799881	3.745608673	3.962052978	6.423799898	5.032523538	0	0	0	0	0	4.557118621	0	0	0	0	0	0	0	0	0	0	5.333707092	0	0	0	0	0	0	0	7.214401427	0	0	2.598474772	12.8032416	9.872330767	7.646304038	0	5.259473205	0	0	0	0	0	0	4.162303056	0	0	0	0	0	0	0	0	0	0	0	0	0	0	0	0	0	0	0	0	0	6.575624695	0.8439546823	0	0	0	0	0	6.317935656	5.195375421	2.313721782	0.07185212796	1.251182062
knallgas_bacteria	0	0	0	0	0	0	0	0	0	0	0	0	0	0	0	0	0	0	0	0	0	0	0	0	0	0	0	0	0	0	0	0	0	0	0	0	0	0	0	0	0	0	0	0	0	0	0	0	0	0	0	0	0	0	0	0	0	0	0	0	0	0	0	0	0	0	0	0	0	0	0	0	0	0	0	0	0	0	0	0	0	0	0	0
dark_hydrogen_oxidation	1.571447035	3.542939674	16.05697011	12.93056748	37.14067127	45.36061176	19.18843703	4.132304263	4.835977412	7.300217791	12.48429524	0	47.29877797	37.52887793	0	25.9832408	32.73752414	2.436792784	12.22024138	20.35881656	26.21686033	38.85028619	49.2470456	44.59050232	19.15505306	17.70931097	15.96638564	25.77826764	7.701444346	4.950376099	14.40178182	26.87796617	13.88840823	30.15529038	36.3116161	9.588938705	14.54960622	13.11783582	17.54829795	15.05959368	16.91647097	22.82459276	30.70542325	23.50989515	21.53404432	21.8942391	43.08184558	17.35896104	14.8814766	0	14.29238754	18.87490581	3.942609349	29.51690873	30.63330388	13.40044568	8.033805553	8.486089549	19.6479821	9.906275766	3.517537108	7.515516769	3.88378661	35.66095483	34.44143565	10.96966163	7.930817561	1.14540531	11.22615194	6.003934138	7.281502308	3.085316043	5.556729621	11.38470815	11.30377766	11.93368388	19.60685022	5.634852329	9.151889596	9.331063361	5.079940674	4.770078725	0	3.94497755
nitrogen_fixation	5.025160978	0	11.92434779	4.709774338	16.4289032	0	12.2179732	4.902381765	17.76230617	23.3528731	17.12180223	10.93328923	17.3972008	11.72944854	5.58931666	0	18.18070452	5.241189867	0	0	0	9.258984799	15.07235553	24.58337196	20.21278664	0	10.85466252	4.845822306	0	0	6.050094938	3.377835051	5.202386805	15.26612348	14.86637262	0	0	11.59105979	5.67104394	0	0	0	13.74959859	9.076421426	0	4.915652467	22.62002381	0	5.264062964	0	0	0	0	5.679467644	6.361971997	4.279410768	5.155947653	0	0	5.497716206	0	4.493357535	3.443665598	0	0	0	4.771070785	0	4.750329043	3.618141437	0	0	9.080201976	4.878559446	0	4.001266879	6.269217543	4.635228097	0	0	0	5.168462898	0	5.331251657
nitrate_ammonification	0	0	0	0	0	0	0	0	0	0	0	0	0	0	0	0	0	0	0	0	0	0	0	0	0	0	0	0	0	0	0	0	0	0	0	0	0	0	0	0	0	0	0	0	0	0	0	0	0	0	0	0	0	0	0	0	0	0	0	0	0	0	0	0	0	0	0	0	0	0	0	0	0	0	0	0	0	0	0	0	0	0	0	0
nitrite_ammonification	0	0	0	0	0	0	0	0	0	0	0	0	0	0	0	0	0	0	0	0	0	0	0	0	0	0	0	0	0	0	0	0	0	0	0	0	0	0	0	0	0	0	0	0	0	0	0	0	0	0	0	0	0	0	0	0	0	0	0	0	0	0	0	0	0	0	0	0	0	0	0	0	0	0	0	0	0	0	0	0	0	0	0	0
nitrite_respiration	6.014775823	12.11665668	8.481999994	83.93307692	45.17134077	28.22680752	9.755108207	11.19923484	12.04004715	6.256716627	0	8.677793642	38.14713219	63.67827921	4.267970227	88.7926391	41.61550239	31.827174	76.45875968	88.03854871	31.45162931	29.59689816	36.57063127	46.22763604	20.84122598	45.73194327	18.76494731	14.80014123	26.59675158	35.98034419	66.91802593	70.95286939	37.51631383	24.42564873	25.24288951	15.68758681	44.72572991	13.4722728	11.94966715	55.98219607	52.94320545	87.26323775	96.11379224	87.2488981	25.94675637	26.65318474	28.5935088	0	0	0	19.09417009	31.84817479	24.04265306	39.34593473	34.91195042	0	24.32894523	15.20245898	0	0	29.69802888	18.44524988	23.81714309	8.593224751	8.785819728	3.43764821	22.68102991	1.14540531	0	0	8.129733922	16.97392487	5.213948347	8.819719651	12.82920078	0	0	0	8.210663048	23.04274092	1.914422421	0	2.058514318	8.755279577
cellulolysis	4.8877148	9.372936666	0	4.458371477	0	4.65260274	0	2.853716093	0	0	0	2.698267434	0	0	0	0	0	0	0	5.617558919	3.038662669	0	0	0	0	3.659994737	0	0	0	3.781205769	4.23264504	4.862106841	5.202386805	0	0	0	2.606622334	0	5.073991056	0	0	1.494855497	5.12038761	6.075429536	0	0	0	3.126867085	0	0	0	0	0	0	0	0	4.390779481	8.798183471	0	3.136856909	0	0	0	0	0	0	3.878571997	10.30438859	4.314474762	4.823730438	0	3.829903124	5.810422219	8.216139724	9.793747679	2.865161363	0	8.118655321	9.447100198	3.552975032	0	5.264644713	5.66910397	5.998504504
xylanolysis	0	0	0	0	0	0	0	0	0	0	0	0	0	0	0	0	0	0	0	0	0	0	0	0	0	0	0	0	0	0	0	0	0	0	0	0	0	0	0	0	0	0	0	0	0	0	0	0	0	0	0	0	0	0	0	0	0	0	0	0	0	0	0	0	0	0	0	0	0	0	0	0	0	0	0	0	0	0	0	0	0	0	0	0
dark_sulfide_oxidation	0	11.27635304	0	0	0	32.45664541	0	0	0	0	0	0	0	0	35.86910838	0	0	42.32574475	24.52316848	26.55579305	39.29188128	0	0	0	33.68497743	0	0	34.01870276	41.33686072	32.88681645	41.96698969	51.9776925	49.62173046	0	0	29.92639615	0	0	29.22217261	35.47828847	34.99457272	27.892348	11.34040889	25.78112423	0	0	0	0	0	0	0	0	0	0	0	0	0	6.47376419	0	0	0	0	0	0	0	0	0	5.529671262	0	0	0	0	4.316262394	0	0	0	0	0	0	0	4.864301028	0	1.644967945	0
dark_sulfur_oxidation	0	0	0	0	0	0	0	0	0	0	0	0	0	0	0	0	0	0	0	0	0	0	0	0	0	0	0	0	0	0	0	0	0	0	0	0	0	0	0	0	0	0	0	0	0	0	0	0	0	0	0	0	0	0	0	0	0	0	0	0	0	0	0	0	0	0	0	0	0	0	0	0	0	0	0	0	0	0	0	0	0	0	0	0
dark_thiosulfate_oxidation	0	0	0	0	0	0	0	0	0	0	0	0	0	0	0	0	0	0	0	0	0	0	0	0	0	0	0	0	0	0	0	0	0	0	0	0	0	0	0	0	0	0	0	0	0	0	0	0	0	0	0	0	0	0	0	0	0	0	0	0	0	0	0	0	0	0	0	0	0	0	0	0	0	0	0	0	0	0	0	0	0	0	0	0
dark_oxidation_of_sulfur_compounds	0	11.27635304	0	0	0	35.74118909	0	0	0	0	0	0	6.022170694	5.844657471	35.86910838	0	0	42.32574475	24.52316848	26.55579305	39.29188128	0	4.813887959	6.392946739	33.68497743	0	0	37.69541142	41.33686072	32.88681645	41.96698969	51.9776925	54.43432814	5.140056453	4.936094737	33.52976571	0	0	29.22217261	35.47828847	34.99457272	27.892348	11.34040889	25.78112423	0	5.282297673	6.748079469	0	0	0	0	5.110758816	5.376780982	0	0	0	0	6.47376419	0	0	14.2402633	8.849294445	10.77887207	4.091622607	0	0	0	5.529671262	0	0	0	0	4.316262394	0	0	0	0	0	0	0	4.864301028	0	1.644967945	0
manganese_oxidation	0	5.433133716	0	0	13.68977021	29.09217775	0	0	0	0	0	0	0	0	0	0	5.60251324	0	0	0	5.894683762	0	3.515297489	0	0	0	6.852010723	11.03754683	0	0	0	7.616447237	6.294040008	2.650649542	0	0	0	5.281389244	16.32734854	0	0	0	0	0	0	0	8.986093879	4.710404146	6.084881908	5.448146546	0	0	0	0	0	5.707649511	4.605839961	13.68785899	5.566563337	6.6626349	0	0	0	0	0	4.65905569	5.112295266	11.73615333	0	0	5.640329785	14.13527113	5.556729621	14.33620635	18.042985	10.00165897	0	10.13953466	0	26.90877933	6.369120991	14.86678442	15.29100281	14.54007447
manganese_respiration	0	0	0	0	0	0	0	0	0	0	0	0	0	0	0	0	0	0	0	0	0	0	0	0	0	0	0	0	0	0	0	0	0	0	0	0	0	0	0	0	0	0	0	0	0	0	0	0	0	0	0	0	0	0	0	0	0	0	0	0	0	0	0	0	0	0	0	0	0	0	0	0	0	0	0	0	0	0	0	0	0	0	0	0
ligninolysis	0	0	0	0	0	0	0	0	0	0	0	0	0	0	0	0	0	0	0	0	0	0	0	0	0	0	0	0	0	0	0	0	0	0	0	0	0	0	0	0	0	0	0	0	0	0	0	0	0	0	0	0	0	0	0	0	0	0	0	0	0	0	0	0	0	0	0	0	0	0	0	0	0	0	0	0	0	0	0	0	0	0	0	0
fermentation	50.11645831	64.62385126	2.349478257	112.0878102	133.3547324	134.8920931	3.319126507	0	0	2.748291502	24.49237159	3.61445141	69.33187913	38.03402024	31.94768367	107.2807405	120.775697	33.78118822	9.244768161	49.77449038	143.8384177	40.10052817	62.87239459	60.67792352	20.27906296	73.65303121	87.41152916	74.33365684	29.76046361	20.0002163	24.06664929	79.34200524	94.73260241	33.7748299	28.17295494	12.19035886	61.90250197	68.18941497	76.48854082	17.16732241	9.258945054	21.21178895	54.41932731	46.53922874	14.01260387	13.73678571	29.63046118	21.48187881	36.51113751	23.0452147	22.77618172	17.45511556	11.62408677	7.637612718	16.94309474	34.94123951	59.23783844	76.82174942	35.99070817	23.30655651	21.40431935	23.48288803	64.18013703	33.98782593	29.23185947	27.64520469	65.81183352	51.44903515	33.7418602	21.88561155	21.7719592	29.58453776	29.84876001	28.07621076	24.36137573	40.75777384	40.86511386	22.94628324	38.21373549	39.70132266	46.67860011	37.8167794	41.88950314	44.73887511
aerobic_chemoheterotrophy	278.5064735	195.4105765	157.0527906	171.9629854	585.5448057	634.1785849	238.514202	85.94696357	112.1727721	271.7646597	182.9323096	146.0288136	426.9781635	416.6380185	156.4335292	260.4704817	685.3339907	115.4337332	156.8032249	216.9684812	244.4461119	222.0747606	421.8850164	405.0073759	177.5856336	193.0158465	484.9000626	366.9077779	123.2504028	84.94316944	173.3872511	271.0711832	228.9091541	383.2656453	155.0722641	98.18066684	177.6997118	396.6956454	302.0903567	177.0580014	139.0065501	193.5088357	370.4200863	326.2856947	191.2484017	202.0164749	328.2466203	135.4247585	140.8126241	63.12906147	319.7409725	307.5492514	175.4430386	199.5107727	220.4142628	142.3225717	416.5378831	253.1919043	131.8366096	116.040584	244.8015422	223.9868884	328.898049	202.889366	211.6055595	141.4608879	376.2656176	183.9128328	126.5724218	86.297993	121.6456938	242.7976385	230.8111485	202.4007604	215.3882162	160.7877846	155.6826687	97.96183349	140.2810211	292.0472691	275.0465042	224.1141793	263.3421616	215.8488473
invertebrate_parasites	0	0	0	0	0	0	0	0	0	0	0	0	0	0	0	0	0	0	0	0	0	0	0	0	0	0	0	0	0	0	0	0	0	0	0	0	0	0	0	0	0	0	0	0	0	0	0	0	0	0	0	0	0	0	0	0	0	0	0	0	0	0	0	0	0	0	0	0	0	0	0	0	0	0	0	0	0	0	0	0	0	0	0	0
human_pathogens_septicemia	0	0	0	0	0	0	0	0	0	0	0	0	0	0	0	0	0	0	0	0	0	0	0	0	0	0	0	0	0	0	0	0	0	0	0	0	0	0	0	0	0	0	0	0	0	0	0	0	0	0	0	0	0	0	0	0	0	0	0	0	0	0	0	0	0	0	0	0	0	0	0	0	0	0	0	0	0	0	0	0	0	0	0	0
human_pathogens_pneumonia	0	0	0	0	0	0	0	0	0	0	0	0	0	0	0	0	0	0	0	0	0	0	0	0	0	0	0	0	0	0	0	0	0	0	0	0	0	0	0	0	0	0	0	0	0	0	0	0	0	0	0	0	0	0	0	0	0	0	0	0	0	0	0	0	0	0	0	0	0	0	0	0	0	0	0	0	0	0	0	0	0	0	0	0
human_pathogens_nosocomia	0	0	0	0	0	0	0	0	0	0	0	0	0	0	0	0	0	0	0	0	0	0	0	0	0	0	0	0	0	0	0	0	0	0	0	0	0	0	0	0	0	0	0	0	0	0	0	0	0	0	0	0	0	0	0	0	0	0	0	0	0	0	0	0	0	0	0	0	0	0	0	0	0	0	0	0	0	0	0	0	0	0	0	0
human_pathogens_meningitis	0	0	0	0	0	0	0	0	0	0	0	0	0	0	0	0	0	0	0	0	0	0	0	0	0	0	0	0	0	0	0	0	0	0	0	0	0	0	0	0	0	0	0	0	0	0	0	0	0	0	0	0	0	0	0	0	0	0	0	0	0	0	0	0	0	0	0	0	0	0	0	0	0	0	0	0	0	0	0	0	0	0	0	0
human_pathogens_gastroenteritis	0	0	0	0	0	0	0	0	0	0	0	0	0	0	0	0	0	0	0	0	0	0	0	0	0	0	0	0	0	0	0	0	0	0	0	0	0	0	0	0	0	0	0	0	0	0	0	0	0	0	0	0	0	0	0	0	0	0	0	0	0	0	0	0	0	0	0	0	0	0	0	0	0	0	0	0	0	0	0	0	0	0	0	0
human_pathogens_diarrhea	0	0	0	0	0	0	0	0	0	0	0	0	0	0	0	0	0	0	0	0	0	0	0	0	0	0	0	0	0	0	0	0	0	0	0	0	0	0	0	0	0	0	0	0	0	0	0	0	0	0	0	0	0	0	0	0	0	0	0	0	0	0	0	0	0	0	0	0	0	0	0	0	0	0	0	0	0	0	0	0	0	0	0	0
human_pathogens_all	4.788224181	4.511522887	0	0	9.999920706	22.95637943	3.07845838	0	0	0	0	0	19.45044203	21.08592605	9.874422651	5.293692178	16.19496508	0	2.962757764	0	6.10274979	4.493970711	15.88370712	18.30535878	10.46320188	7.598257052	16.14011686	16.67338796	3.943578393	4.443670382	5.07174211	10.15651604	10.47874883	8.526350173	11.8316532	5.784374654	5.604977965	11.0447405	6.788203287	0	0	0	11.47378448	0	16.0112955	11.84272607	17.70197224	0	4.679343416	0	4.232642727	4.028900488	5.816194999	0	6.217120046	5.485316647	5.653294531	5.611439625	5.137856433	4.91296034	10.77137553	4.891706785	15.61702506	3.326854128	3.600941721	5.758197104	5.070502831	4.995516038	8.432463909	5.16462853	3.010006572	0	0	5.942358529	5.823137923	0	16.73831395	0	3.352177682	0	0	5.924979783	0	0
fish_parasites	0	0	0	0	0	0	0	0	0	0	0	0	0	0	0	0	0	0	0	0	0	0	0	0	0	0	0	0	0	0	0	0	0	0	0	0	0	0	0	0	0	0	0	0	0	0	0	0	0	0	0	0	0	0	0	0	0	0	0	0	0	0	0	0	0	0	0	0	0	0	0	0	0	0	0	0	0	0	0	0	0	0	0	0
human_gut	0	4.071242623	0	0	3.791836228	0	0	0	0	0	0	0	0	0	0	0	9.965351714	0	0	0	0	0	0	0	0	0	8.178621379	0	0	0	0	0	0	0	0	0	0	0	0	0	0	0	0	0	0	0	0	0	0	0	0	0	0	0	0	0	0	0	0	0	0	0	0	0	0	0	0	0	0	0	0	0	0	0	0	0	0	0	0	0	0	0	0	0
human_associated	4.788224181	8.58276551	0	0	13.79175693	22.95637943	3.07845838	0	0	0	0	0	19.45044203	21.08592605	9.874422651	5.293692178	26.16031679	0	2.962757764	0	6.10274979	4.493970711	15.88370712	18.30535878	10.46320188	7.598257052	24.31873824	16.67338796	3.943578393	4.443670382	5.07174211	10.15651604	10.47874883	8.526350173	11.8316532	5.784374654	5.604977965	11.0447405	6.788203287	0	0	0	11.47378448	0	16.0112955	11.84272607	17.70197224	0	4.679343416	0	4.232642727	4.028900488	5.816194999	0	6.217120046	5.485316647	5.653294531	5.611439625	5.137856433	4.91296034	10.77137553	4.891706785	15.61702506	3.326854128	3.600941721	5.758197104	5.070502831	4.995516038	8.432463909	5.16462853	3.010006572	0	0	5.942358529	5.823137923	0	16.73831395	0	3.352177682	0	0	5.924979783	0	0
mammal_gut	0	4.071242623	0	0	3.791836228	0	0	0	0	0	0	0	0	0	0	0	9.965351714	0	0	0	0	0	0	0	0	0	8.178621379	0	0	0	0	0	0	0	0	0	0	0	0	0	0	0	0	0	0	0	0	0	0	0	0	0	0	0	0	0	0	0	0	0	0	0	0	0	0	0	0	0	0	0	0	0	0	0	0	0	0	0	0	0	0	0	0	0
animal_parasites_or_symbionts	4.788224181	8.58276551	0	6.042941392	13.79175693	22.95637943	3.07845838	0	0	0	8.376301082	0	19.45044203	23.30201295	35.7035713	5.293692178	29.46477645	24.79323534	12.74275674	32.33153582	97.48104363	4.493970711	15.88370712	18.30535878	10.46320188	13.01393347	24.31873824	16.67338796	3.943578393	4.443670382	5.07174211	10.15651604	10.47874883	8.526350173	11.8316532	5.784374654	5.604977965	11.0447405	6.788203287	0	0	0	11.47378448	0	16.0112955	11.84272607	17.70197224	0	8.943892224	0	4.232642727	4.028900488	5.816194999	0	6.217120046	10.0641074	5.653294531	5.611439625	8.746199468	4.91296034	10.77137553	4.891706785	15.61702506	3.326854128	3.600941721	5.758197104	5.070502831	4.995516038	16.2534468	17.63136985	3.010006572	8.303137235	0	5.942358529	5.823137923	9.031367363	31.04104247	0	3.352177682	4.340801016	14.67627443	19.43705191	15.20589502	21.12409103
plant_pathogen	0	0	0	0	0	0	0	0	0	0	0	0	0	0	0	0	0	0	0	0	0	0	0	0	0	0	0	0	0	0	0	0	0	0	0	0	0	0	0	0	0	0	0	0	0	0	0	0	0	0	0	0	0	0	0	0	0	0	0	0	0	0	0	0	0	0	0	0	0	0	0	0	0	0	0	0	0	0	0	0	0	0	0	0
oil_bioremediation	0	0	0	0	0	0	0	0	0	0	0	0	0	0	0	0	0	0	0	0	0	0	0	0	0	0	0	0	0	0	0	0	0	0	0	0	0	0	0	0	0	0	0	0	0	0	0	0	0	0	0	0	0	0	0	0	0	0	0	0	0	0	0	0	0	0	0	0	0	0	0	0	0	0	0	0	0	0	0	0	0	0	0	0
aromatic_hydrocarbon_degradation	0	0	0	0	0	0	0	0	0	0	0	0	0	0	0	0	2.412992872	0	0	0	0	0	0	0	0	0	0	0	0	0	0	0	0	0	0	0	0	0	0	0	0	0	0	0	0	0	0	0	0	0	0	0	0	0	0	0	0	0	0	0	0	0	0	0	0	0	0	0	0	0	0	0	0	0	0	0	0	0	0	0	0	0	0	0
aromatic_compound_degradation	0	9.227563519	0	0	40.59932047	21.49840288	0	0	0	0	0	0	0	0	14.9548781	0	51.55037369	6.916304313	5.18326753	10.24678372	29.82999435	6.877964348	10.15726144	5.242975088	9.059615197	0	20.70995378	12.51428561	14.99382798	5.324633553	14.20528514	8.717439843	19.05173785	6.202516112	0	0	0	14.95761915	9.53030198	17.29036378	0	0	13.14119085	16.93143809	0	0	0	6.007661489	11.75878839	4.888921739	0	3.941509128	0	0	0	7.037582867	9.510291164	0	10.46009955	5.327842867	3.728818913	11.18046245	3.336882354	0	0	4.910476196	8.756509136	0	4.619150582	6.570501253	0	0	4.026964032	0	0	7.000246216	8.222489847	0	0	6.509770204	5.494840137	5.21735519	0	4.944371249
aliphatic_non_methane_hydrocarbon_degradation	0	0	0	0	0	0	0	0	0	0	0	0	0	0	0	0	2.412992872	0	0	0	0	0	0	0	0	0	0	0	0	0	0	0	0	0	0	0	0	0	0	0	0	0	0	0	0	0	0	0	0	0	0	0	0	0	0	0	0	0	0	0	0	0	0	0	0	0	0	0	0	0	0	0	0	0	0	0	0	0	0	0	0	0	0	0
hydrocarbon_degradation	4.303067637	0	0	0	0	0	0	0	0	0	0	0	0	0	0	0	2.412992872	0	0	0	0	0	0	0	4.172682083	0	0	0	0	0	0	0	0	0	0	0	0	0	0	0	0	0	4.161536482	4.706634122	0	0	0	0	0	0	0	0	0	0	0	0	4.875951965	0	0	0	0	0	0	0	0	0	5.279881095	0	0	0	0	0	3.442574001	0	0	0	0	0	0	0	0	0	0	0
dark_iron_oxidation	0	0	0	0	0	0	0	0	0	0	0	0	0	0	0	0	0	0	0	0	0	0	0	0	0	0	0	0	0	0	0	0	0	0	0	0	0	0	0	0	0	0	0	0	0	0	0	0	0	0	0	0	0	0	0	0	0	0	0	0	0	0	0	0	0	0	0	0	0	0	0	0	0	0	0	0	0	0	0	0	0	0	0	0
iron_respiration	0	0	0	0	0	0	0	0	0	0	0	0	0	0	0	0	0	0	0	0	0	0	0	0	0	0	0	6.134945135	0	0	0	0	0	0	0	0	0	0	0	0	0	0	0	0	0	0	0	0	0	0	0	0	0	0	0	0	3.654407092	0	0	0	0	0	0	0	0	0	0	0	0	0	0	0	0	0	0	0	0	0	0	0	0	0	0	0
nitrate_respiration	52.07384033	43.04081303	28.21631652	91.88709982	90.46802359	63.56310437	33.11621268	16.7979853	22.23403452	65.94605013	25.55696396	25.0691724	58.79404249	78.47136387	10.6055911	112.4136052	94.22443115	40.29399088	86.47530985	97.74094543	41.58402067	39.28427216	53.35121459	56.29858059	24.22616481	52.26692268	51.06104389	48.91609272	30.99943061	40.26365084	76.86899492	70.95286939	37.51631383	45.4843013	27.37528227	19.67761803	55.19828992	42.32575969	40.39051776	62.20448684	63.28452434	96.16605395	105.7839576	99.55046424	29.85733328	29.41419711	28.5935088	0	0	0	40.48055806	39.29409075	28.13714407	48.38722332	42.64362128	4.038577469	75.89486866	64.74086787	0	0	34.01134082	24.98634164	23.81714309	17.72199022	16.54853807	10.25840119	58.91835712	38.89637253	0	0	44.08847503	49.33759913	24.23854547	21.00308855	29.50562063	0	4.450402059	0	39.89934064	61.00239678	36.82980933	20.28805844	27.63618257	28.43743236
nitrate_reduction	61.64663128	52.3234855	28.21631652	102.5677877	106.0766075	74.10694616	33.11621268	16.85971249	27.07001193	72.80442167	40.08495619	35.08750823	58.79404249	78.47136387	16.10566518	112.4136052	107.264491	47.26663949	92.17299635	103.4496289	41.58402067	39.28427216	56.97331067	59.50745923	28.15111348	52.26692268	58.75473573	48.91609272	39.34568803	44.16022937	85.96795	78.871332	37.51631383	50.71743406	27.37528227	19.67761803	55.19828992	46.80015406	44.08688381	62.20448684	63.28452434	96.16605395	105.7839576	99.55046424	29.85733328	29.41419711	28.5935088	4.517860956	3.166122715	4.888921739	50.50473736	53.29909066	28.13714407	48.38722332	42.64362128	8.202591141	86.56033552	83.77235801	7.853787594	9.633393641	34.01134082	38.16943164	23.81714309	17.72199022	16.54853807	15.16887738	79.54191454	55.25542364	0	4.23909757	44.08847503	60.11000931	24.23854547	28.26300549	36.70359528	0	4.450402059	5.071131177	39.89934064	72.0217784	36.82980933	20.28805844	31.49884874	28.43743236
nitrogen_respiration	52.07384033	43.04081303	28.21631652	91.88709982	90.46802359	63.56310437	33.11621268	16.7979853	22.23403452	65.94605013	25.55696396	25.0691724	58.79404249	78.47136387	10.6055911	112.4136052	94.22443115	40.29399088	86.47530985	97.74094543	41.58402067	39.28427216	53.35121459	56.29858059	24.22616481	52.26692268	51.06104389	48.91609272	30.99943061	40.26365084	76.86899492	70.95286939	37.51631383	45.4843013	27.37528227	19.67761803	55.19828992	42.32575969	40.39051776	62.20448684	63.28452434	96.16605395	105.7839576	99.55046424	29.85733328	29.41419711	28.5935088	0	0	0	40.48055806	39.29409075	28.13714407	48.38722332	42.64362128	4.038577469	75.89486866	64.74086787	0	0	34.01134082	24.98634164	23.81714309	17.72199022	16.54853807	10.25840119	58.91835712	38.89637253	0	0	44.08847503	49.33759913	24.23854547	21.00308855	29.50562063	0	4.450402059	0	39.89934064	61.00239678	36.82980933	20.28805844	27.63618257	28.43743236
fumarate_respiration	0	0	0	0	0	0	0	0	0	0	0	0	0	0	0	0	0	0	0	0	0	0	0	0	0	0	0	6.134945135	0	0	0	0	0	0	0	0	0	0	0	0	0	0	0	0	0	0	0	0	0	0	0	0	0	0	0	0	3.654407092	0	0	0	0	0	0	0	0	0	0	0	0	0	0	0	0	0	0	0	0	0	0	0	0	0	0	0
intracellular_parasites	16.68586742	0	24.59581672	3.067433267	25.65160315	19.47820994	42.55989539	20.91480258	25.68700684	12.6660883	6.986381004	8.621614883	12.03610496	15.60071324	26.16104618	4.622597011	26.95929773	12.13402998	4.283248528	18.52574657	23.25825747	9.827603269	15.95452366	16.42244334	10.88927167	19.3630205	11.92786631	2.847768415	15.95490831	26.65331966	28.66905583	29.82252251	18.24418818	13.78648009	17.11405683	3.603369561	4.706593559	31.72405704	3.78938544	4.34254299	12.90965749	12.29953812	16.38397795	23.08227272	0	0	0	7.568355728	11.04809851	23.85996486	6.905576615	16.42673338	2.774200916	4.326397363	10.66793543	4.164013672	18.60157337	4.240077346	13.97009944	16.93952297	3.661771765	7.462199756	2.958924766	5.558049362	13.16676483	0	21.35059484	4.044971831	7.870009081	8.965980799	9.042010247	16.70680993	7.726927063	30.72295391	37.54424245	0	0	11.9888745	31.42135527	24.03984174	2.911946108	3.119467385	18.3729141	15.45359339
chlorate_reducers	30.6598917	25.45150594	0	0	20.27638476	9.027501526	0	0	0	0	0	0	0	0	0	0	18.11625565	8.466816879	5.733301638	5.520288255	0	0	0	0	0	0	17.48110445	5.847797712	0	4.283306652	9.950968985	0	0	0	0	3.990031225	0	12.78803272	17.80844268	6.222290773	10.34131889	8.902816205	9.670165376	12.30156614	0	0	0	0	0	0	0	0	0	0	0	0	31.39343507	38.61957879	0	0	0	0	0	0	0	6.820752978	21.13265612	24.00795432	0	0	23.08574435	26.8717048	19.02459713	12.1833689	12.2089113	0	0	0	20.54079826	33.00911916	34.91538691	15.27707691	20.0638008	14.97867937
predatory_or_exoparasitic	21.11355778	32.99893934	3.762225401	21.33943471	23.81281906	25.74359618	11.4413601	15.41942472	22.73669097	17.26503009	8.989567561	10.23927273	6.468350467	8.105220245	7.738416551	17.26954538	15.99651524	15.28316791	5.885010151	28.6493119	34.19352737	4.131637362	23.80256243	7.41704988	10.47216697	20.70020211	10.90229223	6.524315298	12.80751408	14.20825126	37.64398657	36.52499245	3.540520075	8.515773892	0	0	5.967449391	7.113906555	11.04623033	9.208867366	29.88527795	24.19029885	31.07032392	23.43556056	3.133855684	3.219692966	3.708675445	9.040642979	5.486385959	4.962890808	3.300659371	15.23769458	0	4.243989948	4.619280364	15.38888983	45.75678425	49.15164935	17.20625189	13.09782813	0	11.13401038	4.184879834	0	0	10.96558069	42.03674765	29.28950171	14.23152573	6.24686597	31.81351961	15.17442507	4.380351981	30.41996142	21.63116816	6.892813668	2.365710912	14.73045329	50.1998867	26.78113172	8.832272299	18.13659191	19.36461334	16.52081463
chloroplasts	0	0	0	0	0	0	0	0	0	0	0	0	0	0	0	0	0	0	0	0	0	0	0	0	0	0	0	0	0	0	0	0	0	0	0	0	0	0	0	0	0	0	0	0	0	0	0	0	0	0	0	0	0	0	0	0	0	0	0	0	0	0	0	0	0	0	0	0	0	0	0	0	0	0	0	0	0	0	0	0	0	0	0	0
nonphotosynthetic_cyanobacteria	5.4400551	3.849035297	0	0	5.482782781	4.158141708	0	4.799334522	5.463777853	6.110353224	2.587602755	6.226152415	0	0	0	0	5.485188862	0	0	0	0	0	0	0	0	0	4.62388415	2.999512255	0	0	0	0	0	0	0	0	0	5.361533637	2.598474772	0	0	0	2.578658356	2.930761682	0	0	0	3.29655466	4.816780686	0	0	0	0	0	0	0	10.17353705	0	4.759503912	0	0	0	0	0	0	0	5.240366082	0	5.133495786	0	4.146245611	3.567131248	6.104092118	6.641072388	6.282479575	0	0	0	5.208834153	3.793738411	5.975849377	8.813829751	9.146817122	8.403251353
photosynthetic_cyanobacteria	3.441344733	4.787014947	8.738796559	0	2.67793029	12.20718607	8.679893184	10.30534852	5.463777853	5.635343634	7.585641852	9.661262475	0	0	0	0	3.691038138	0	0	0	0	0	0	0	0	0	3.10174112	14.36930059	0	0	0	0	0	0	0	0	0	0	14.51578461	0	0	0	0	0	0	0	0	0	0	0	0	0	0	0	0	0	0	10.94439208	0	0	0	0	0	0	0	0	2.395427196	3.83869495	0	0	0	0	0	0	0	0	0	0	0	0	0	0	0	0
anoxygenic_photoautotrophy_H2_oxidizing	0	0	0	0	0	0	0	0	0	0	0	0	0	0	0	0	0	0	0	0	0	0	0	0	0	0	0	0	0	0	0	0	0	0	0	0	0	0	0	0	0	0	0	0	0	0	0	0	0	0	0	0	0	0	0	0	0	0	0	0	0	0	0	0	0	0	0	0	0	0	0	0	0	0	0	0	0	0	0	0	0	0	0	0
anoxygenic_photoautotrophy_S_oxidizing	0	0	0	0	0	5.308730938	0	0	0	0	0	0	0	0	6.421023911	0	0	4.521617207	3.961560137	3.265484451	8.44114071	0	0	0	13.04200516	0	0	6.389716006	15.63453152	9.345510712	13.85909245	6.008596061	9.571323767	0	0	3.073537232	0	0	5.875815219	2.470524978	12.11391452	5.427254314	12.68053747	12.03060169	0	0	0	0	4.357597495	3.227321303	0	0	0	0	0	0	0	2.739386738	0	0	3.854232449	0	0	0	0	3.075570223	0	0	0	0	4.27168862	0	0	3.157552339	3.524870844	0	0	0	4.051914126	0	0	4.310903705	4.055150816	4.492082463
anoxygenic_photoautotrophy_Fe_oxidizing	0	0	0	0	0	0	0	0	0	0	0	0	0	0	0	0	0	0	0	0	0	0	0	0	0	0	0	0	0	0	0	0	0	0	0	0	0	0	0	0	0	0	0	0	0	0	0	0	0	0	0	0	0	0	0	0	0	0	0	0	0	0	0	0	0	0	0	0	0	0	0	0	0	0	0	0	0	0	0	0	0	0	0	0
anoxygenic_photoautotrophy	0	0	0	0	0	5.308730938	0	0	0	0	0	0	0	0	6.421023911	0	0	4.521617207	3.961560137	3.265484451	8.44114071	0	0	0	13.04200516	0	0	6.389716006	15.63453152	9.345510712	13.85909245	6.008596061	9.571323767	0	0	3.073537232	0	0	5.875815219	2.470524978	12.11391452	5.427254314	12.68053747	12.03060169	0	0	0	0	4.357597495	3.227321303	0	0	0	0	0	0	0	2.739386738	0	0	3.854232449	0	0	0	0	3.075570223	0	0	0	0	4.27168862	0	0	3.157552339	3.524870844	0	0	0	4.051914126	0	0	4.310903705	4.055150816	4.492082463
oxygenic_photoautotrophy	3.441344733	4.787014947	8.738796559	0	2.67793029	12.20718607	8.679893184	10.30534852	5.463777853	5.635343634	7.585641852	9.661262475	0	0	0	0	3.691038138	0	0	0	0	0	0	0	0	0	3.10174112	14.36930059	0	0	0	0	0	0	0	0	0	0	14.51578461	0	0	0	0	0	0	0	0	0	0	0	0	0	0	0	0	0	0	10.94439208	0	0	0	0	0	0	0	0	2.395427196	3.83869495	0	0	0	0	0	0	0	0	0	0	0	0	0	0	0	0
photoautotrophy	3.441344733	4.787014947	8.738796559	0	2.67793029	17.51591701	8.679893184	10.30534852	5.463777853	5.635343634	7.585641852	9.661262475	0	0	6.421023911	0	3.691038138	4.521617207	3.961560137	3.265484451	8.44114071	0	0	0	13.04200516	0	3.10174112	20.7590166	15.63453152	9.345510712	13.85909245	6.008596061	9.571323767	0	0	3.073537232	0	0	20.39159983	2.470524978	12.11391452	5.427254314	12.68053747	12.03060169	0	0	0	0	4.357597495	3.227321303	0	0	0	0	0	0	0	13.68377882	0	0	3.854232449	0	0	0	0	3.075570223	2.395427196	3.83869495	0	0	4.27168862	0	0	3.157552339	3.524870844	0	0	0	4.051914126	0	0	4.310903705	4.055150816	4.492082463
aerobic_anoxygenic_phototrophy	0	0	0	0	0	0	0	0	0	0	0	0	0	0	0	0	0	0	0	0	0	0	0	0	0	0	0	0	0	0	0	0	0	0	0	0	0	0	0	0	0	0	0	0	0	0	0	0	0	0	0	0	0	0	0	0	0	0	0	0	0	0	0	0	0	0	0	0	0	0	0	0	0	0	0	0	0	0	0	0	0	0	0	0
photoheterotrophy	13.73328747	13.58117292	24.19470721	9.587184787	56.8224664	108.374689	24.06558714	10.57327696	12.45386975	21.27000122	23.13084912	12.25946734	36.93950062	10.1736991	13.70828578	11.82927199	48.81240345	7.846485177	3.836138192	12.81202558	11.14967296	8.436361384	10.58523695	19.52368478	14.90154297	5.686360239	33.33696333	46.5942232	4.191314299	4.19590374	8.624144828	0	11.76680298	46.84068027	6.110252672	9.101417648	5.534694438	24.08697182	47.07185547	13.50798323	7.837068904	6.442631811	17.38461171	16.28643216	16.65908402	16.42271081	26.75838956	4.213198132	0	8.037943555	11.5406142	7.456099431	19.48381792	5.243497131	0	4.748628934	20.0859824	27.44178136	0	3.91357998	42.58493699	26.84873168	39.79218539	5.495331224	5.658665438	4.967035843	19.13919689	17.13291638	9.908769421	0	16.23766825	15.64723304	15.72739638	16.24340176	15.4447242	12.64688354	9.722170569	4.795613672	16.48770574	19.02602841	16.87498788	15.44694589	16.86412482	16.7999729
phototrophy	17.1746322	18.36818787	32.93350376	9.587184787	59.50039669	125.8906061	32.74548033	20.87862548	17.9176476	26.90534485	30.71649097	21.92072982	36.93950062	10.1736991	20.12930969	11.82927199	52.50344159	12.36810238	7.797698329	12.81202558	15.64632087	8.436361384	10.58523695	19.52368478	21.86980498	5.686360239	36.43870445	67.3532398	15.63453152	9.345510712	17.54470797	6.008596061	17.47599949	46.84068027	6.110252672	12.17495488	5.534694438	24.08697182	67.4634553	15.97850821	19.95098342	11.86988612	23.3062248	21.10848849	16.65908402	16.42271081	26.75838956	4.213198132	4.357597495	11.26526486	11.5406142	7.456099431	19.48381792	5.243497131	0	4.748628934	20.0859824	41.12556018	0	3.91357998	42.58493699	26.84873168	39.79218539	5.495331224	5.658665438	8.042606066	21.53462409	20.97161133	9.908769421	0	20.50935687	15.64723304	15.72739638	19.4009541	18.96959505	12.64688354	9.722170569	4.795613672	20.53961987	19.02602841	16.87498788	19.7578496	20.91927564	21.29205536
plastic_degradation	0	0	0	0	0	0	0	0	0	0	0	0	0	0	0	0	0	0	0	0	0	0	0	0	0	0	0	0	0	0	0	0	0	0	0	0	0	0	0	0	0	0	0	0	0	0	0	0	0	0	0	0	0	0	0	0	0	0	0	0	0	0	0	0	0	0	0	0	0	0	0	0	0	0	0	0	0	0	0	0	0	0	0	0
ureolysis	20.21054903	8.945088741	9.787411827	9.360684717	26.69837779	49.01338922	8.966867541	4.902381765	12.88327927	14.70765699	19.36968485	8.368599669	81.41938422	53.736744	15.46373931	21.30472791	42.53455087	5.241189867	2.962757764	3.795401759	19.50166177	47.07136369	72.57268276	60.83671111	32.77421528	11.72732675	35.17878682	41.99817275	3.943578393	4.443670382	11.12183705	13.53435109	29.54225092	54.21840216	36.90706755	5.784374654	5.604977965	26.91017841	26.97272352	0	0	0	30.71860014	9.298711683	25.63865112	32.82894364	54.52351804	0	9.94340638	0	12.28022	22.93291164	11.55763986	5.679467644	12.57909204	9.764727415	22.66667612	13.14631045	5.137856433	10.41067655	30.82669646	33.84683702	39.94995575	8.853885211	12.46473694	5.758197104	14.84193055	10.30286225	18.53860516	8.782769967	3.010006572	5.858658638	5.637627975	10.82091797	14.57949563	10.03407397	27.8297082	4.635228097	7.02591782	5.377803068	0	11.09344268	0	5.331251657
reductive_acetogenesis	0	0	0	0	3.67647133	3.021892296	0	0	0	0	0	0	0	0	0	2.455321341	0	2.436792784	3.377196636	8.133087301	17.7743988	0	0	0	0	0	0	0	0	0	0	0	0	0	0	0	0	0	0	0	0	0	0	0	0	0	0	5.295128868	11.06403358	0	0	0	0	0	0	6.555487583	0	0	10.51524438	5.18587196	0	0	0	0	0	4.72613629	0	0	6.355584164	6.003934138	4.008847525	0	0	0	0	5.933291788	5.647859539	5.634852329	3.159793689	0	0	0	0	0
chemoheterotrophy	387.3548447	319.8069946	179.3482284	303.8056344	778.2380613	751.0299134	260.5932653	121.7148326	151.5063794	291.6550856	217.1679428	149.643265	502.9232229	475.1488957	211.5644326	395.5269447	910.6649967	175.8286798	166.0479931	272.8166069	416.7617213	255.9525248	486.1725455	492.3915584	222.5771328	281.1604813	649.442343	521.5665203	173.4054817	143.869108	238.4662962	388.7897238	371.8498795	438.9607447	200.199998	130.7669993	252.7276323	530.740247	443.1812479	215.5566781	180.7798177	245.0319445	476.96554	418.5727354	219.8255056	230.1618735	369.9200265	197.4114708	266.0881925	149.3721592	381.1381336	361.308877	206.9367768	221.2745408	254.1328649	213.9412076	543.9967684	416.0703967	240.7868974	231.5092962	299.4678577	264.9883996	426.851222	253.3220806	263.1106975	207.3052338	508.7370853	313.3729169	236.5045786	147.3845716	183.7876436	316.1230463	304.2652603	258.4988322	270.6395443	234.2815346	259.7372889	191.5049481	270.3723906	419.3510434	453.2557434	310.1751927	364.5432177	319.4859301
